 330 36,6
 435 5àsec
1256 7 ELEVEN
6802 7-ELEVEN
26452 7-Eleven
1632 76
 315 85度C
1378 99 Speedmart
1315 A&W
 527 A.T.U
3074 A101
 666 ABC
 545 ABSA
 307 AIB
 398 AIK banka
5619 ALDI
1530 ALDI Nord
1410 ALDI Süd
 568 AMC
 838 ANZ
 305 AOK
3053 AT&T
2055 AXA
 548 Aaron's
 505 Abanca
2679 Ace Hardware
 403 Acqua & Sapone
2442 Action
 347 Adecco
1068 Adidas
 474 Admiral
2604 Advance Auto Parts
 524 Aegean
 335 Age UK
 409 Agentur für Arbeit
 707 Agip
1550 Agip Eni
 334 Aibė
 779 Akbank
 731 Akshaya
 683 Alain Afflelou
 352 Albert
1079 Albert Heijn
 390 Albertsons
 368 Alcampo
2564 Aldi
 502 Aldi Nord
 601 Aldi Süd
 357 Aldo
 373 Ale
2230 Alfamart
1470 Algérie Poste
 352 Alior Bank
 338 Alko
 847 Allego
1813 Allegro One Box
3327 Allianz
1251 Allstate
 305 Alon
 607 Alpha Bank
1982 AlzaBox
 696 Amazon
2196 Amazon Hub
2074 Amazon Locker
 352 America's Best Contacts & Eyeglasses
 429 American Automobile Association
 430 American Eagle Outfitters
 330 American Family Insurance
 853 American Legion
 380 Americas Best Value Inn
1000 Amplifon
1205 Ampol
 889 An Post
8461 Anganwadi
1814 Anytime Fitness
1420 Api-Ip
 365 Apollo Pharmacy
 756 Apollo-Optik
 462 Apotek 1
 782 Apple Store
1530 Applebee's Neighborhood Grill & Bar
 339 Applegreen
3031 Aral
 445 Arbeiter-Samariter-Bund
1378 Arbeiterwohlfahrt
3045 Arby's
1267 Arco
 312 Argenta
 628 Argos
 334 Armand Thiery
 656 Asahi SOFT DRINKS
1685 Asda
 507 Ashley HomeStore
 533 Aspen Dental
 328 Astron Energy
 320 Atacadão
 628 Atlante
 436 Atol
1224 Auchan
1622 Audi
 323 Audika
 495 Auntie Anne's
2562 Australia Post
4130 AutoZone
 349 Autosur
 464 Autovision
2382 Avia
 537 Avin
1333 Avis
 742 Axion
 927 Axis Bank
 481 Axis Communications
 697 B&B Hotels
 324 B&M
 303 B&M Bargains
 328 B&Q
2560 BBVA
 320 BCP
 518 BCR
1045 BDO
 355 BHPetrol
 411 BIDV
 338 BJ's Wholesale Club
 317 BKK jegy- és bérletkiadó automata
1316 BMO
2224 BMW
 825 BNI
 357 BNL
2020 BNP Paribas
 308 BNP Paribas Bank Polska
 323 BNP Paribas Fortis
 321 BONITA
12377 BP
 337 BP Pulse
1491 BP Shop
 478 BPER Banca
 637 BPI
2733 BR
 419 BRD
1108 BRI
 665 BWS
 313 BackWerk
 594 Banamex
 332 Banana Republic
 477 Banca Transilvania
 593 Banco Estado
 758 Banco Nación
 355 Banco Provincia
 957 Banco Sabadell
3710 Banco Santander
2694 Banco do Brasil
 947 Banco24Horas
 500 Bancolombia
1848 Bandera Blanca
 444 Bank Central Asia
 725 Bank Mandiri
 807 Bank Pekao
 359 Bank of Africa ⵍⴱⴰⵏⴽ ⵏ ⴰⴼⵔⵉⵇⵢⴰ بنك أفريقيا
4225 Bank of America
 652 Bank of Baroda
 407 Bank of India
 472 Bank of Ireland
 304 Bankinter
 618 Banorte
2096 Banque Populaire
 333 Banrisul
1046 Barclays
 415 Barnardo's
 648 Barnes & Noble
 977 Basic-Fit
1743 Baskin-Robbins
 700 Bata
 906 Bath & Body Works
 393 Batteries Plus Bulbs
 336 Bauhaus
 331 Bay Wheels
 410 Bayerisches Rotes Kreuz
 481 Baymont
 388 Bed Bath & Beyond
 386 Belfius
 346 Bell
 362 Bendigo Bank
 411 Benjamin Moore
1102 Benu
 328 Bernmobil
 491 Bershka
 559 Beryl
1100 Best Buy
1845 Best Western
 741 Best Western Plus
 361 Best-one
 975 Betfred
1779 Bharat Petroleum
 453 BiciMAD
3473 Biedronka
 348 Big 5 Sporting Goods
 886 Big Lots
 543 Bijou Brigitte
 879 Bike Share Toronto
 303 BikeMi
1645 Billa
 764 Biocoop
 653 Bipa
 838 Bixi
 512 Blink
 321 Blue Rhino
 308 Bluebikes
 414 Bob Evans
 818 Bodega Aurrera
 674 Bojangles'
 485 Bonjour
1250 Boost Mobile
2018 Boots
 335 Boots Opticians
 535 Bosch Car Service
 373 Boston Pizza
 574 Box Now
2235 Bradesco
 748 Bravo
 726 Bricomarché
 451 Bridgestone
 557 British Heart Foundation
 333 Budgens
 643 Budget
 369 Buffalo Grill
1087 Buffalo Wild Wings
 342 Bunnings Warehouse
13340 Burger King
 704 Burlington
 330 But
2515 BİM
1304 C&A
2174 CAT Scale
 445 CBA
 671 CCC
1001 CIBC
1655 CIC
 372 CIMB Bank
1418 COOP Jednota
2509 CU
8456 CVS Pharmacy
 368 Cacau Show
 347 Cafe Coffee Day
 726 Caffè Nero
 391 Café Amazon
3330 Caisse d'Épargne
1952 Caixa Econômica Federal
 601 Caixa Geral de Depósitos
3382 Caixabank
 650 Caja Rural
 433 Cajamar
2319 Caltex
 440 Calvin Klein
1019 Calzedonia
 415 Campanile
11336 Canada Post
 803 Canadian Tire
1401 Canara Bank
 430 Cancer Research UK
 345 Candlewood Suites
 587 Canter Parcs De Haan
 795 Capital Bikeshare
 346 Capital One
 379 Captain D's
 781 Card Factory
 794 Carglass
 326 Caribou Coffee
 855 Caritas
1326 Carl's Jr.
 351 Carquest
3201 Carrefour
1036 Carrefour City
 712 Carrefour Contact
2795 Carrefour Express
2366 Carrefour Market
 513 Carter's
2298 Casey's General Store
 372 Cash Converters
 504 Cashzone
 345 Catena
 340 Cato
 420 CeX
 676 Cebuana Lhuillier
 388 Celio
 691 Cenex
 502 Centra
 320 Centrakor
 999 Century 21
3620 ChargePoint
 451 Chargy
4306 Chase
 477 Chaussea
 570 Checkers
 433 Chemist Warehouse
1710 Chevrolet
5680 Chevron
2619 Chick-fil-A
 316 Chico's
1300 Chili's
2958 Chipotle
 365 Chowking
 370 Chuck E. Cheese
 743 Church's Chicken
 375 Cinemark
 415 Cinnabon
9353 Circle K
1009 Circuit électrique
2970 Citgo
1063 Citi Bike
 871 Citibank
 660 Citizens Bank
2206 Citroën
 528 Clarks
 661 Claro
 322 Clever fit
2081 Co-op Food
 702 CoCo壱番屋
 331 Coca-Cola
 407 CocciMarket
 552 Coffee Like
 755 Coinstar
 700 Cold Stone Creamery
 404 Coldwell Banker
 893 Coles
 385 Coles Express
 370 Colruyt
 301 Comex
 757 Comfort Inn
 554 Comfort Inn & Suites
 566 Comfort Suites
 617 Commerzbank
 841 Commonwealth Bank
1254 Conad
 378 Conad City
 355 Condis
1175 Conoco
 496 Consum
 384 Continente Plug&Charge
2570 Coop
 310 Coop (Sweden)
 565 Copec
 494 Coppel
 805 Coral
 557 Correios
 629 Correo Argentino
3038 Correos
2878 Costa
1596 Costco
 472 Costco Gasoline
 807 Costcutter
 521 Couche-Tard
 490 Country Inn & Suites
1206 Courtyard
 841 Covirán
 648 Cracker Barrel
 351 Crai
1366 Cricket Wireless
 305 Crocs
 379 Crumbl Cookies
 625 Cruz Verde
6150 Crédit Agricole
2669 Crédit Mutuel
 480 Crédito Agrícola
 393 CubeSmart
1008 Culver's
 705 Cumberland Farms
 392 Cupet
 370 D1
 548 DCM
 520 DEKRA
 394 DEVK
2830 DHL
 432 DHL BOX 24/7
9151 DHL Packstation
 377 DHL Pop Box
1433 DNS
 816 DPD
1540 DPD Pickup Station
2430 DQ Grill & Chill
 393 DSW
 410 Dacia
 311 Daily YAMAZAKI
1778 Dairy Queen
 542 Dali
 418 Darty
 373 Das Futterhaus
 407 Davivienda
1440 Days Inn
 791 Dbam o Zdrowie
 316 Debeka
1557 Decathlon
2209 Deichmann
 503 Del Taco
 319 Delhaize
1506 Delikatesy Centrum
 523 Denizbank
 727 Denner
1381 Denny's
2556 Dero
 386 Desjardins
2254 Deutsche Bahn
1059 Deutsche Bank
12929 Deutsche Post
1980 Deutsche Telekom
3448 Deutsches Rotes Kreuz
2236 Dia
 467 Diakonie
 662 Dick's Sporting Goods
2487 Dino
 822 Discount Tire
 949 Divvy
3850 Docomo Bike Share
 693 Dog-Station
10101 Dollar General
5227 Dollar Tree
1220 Dollarama
9699 Domino's
 595 DoubleTree
 888 Douglas
1548 Dr. Max
 471 Droga Raia
 417 Drogaria São Paulo
 669 Drogasil
7558 Dunkin'
 610 Dutch Bros. Coffee
 617 E. Leclerc
1221 E.Leclerc
 586 E.Leclerc Drive
3030 EDEKA
 375 EE
1170 EKO
3380 ENEOS
 360 EVgo
 452 EasyPay
 573 Ecco
 414 Ecobank
 772 Econo Lodge
1504 Edeka
 336 Edible Arrangements
1708 Edward Jones
 449 Einstein Bros. Bagels
 406 El Pollo Loco
 434 Elan
 432 Elektra
 808 Empresa Brasileira de Correios e Telégrafos
 439 EnBW
1293 Enel
1362 Enel X
1320 Engen
2935 Eni
 303 Entel
2454 Enterprise
 454 Ergo
1540 Ernsting's family
 763 Eroski
 635 Erste Bank
 427 Espresso House
 325 Esprit
9023 Esso
 496 Esso Express
 442 Etam
 491 Etos
 959 EuroSpin
 467 Eurobank
 547 Euromaster
4842 Euronet
 807 Euronics
1137 Europcar
 364 European Wax Center
 513 Eurospar
 511 Eva
 315 Eviny
 728 Expert
 526 Extended Stay America
 689 Extra
1088 Extra Space Storage
 348 ExtraMile
4453 Exxon
 354 F45 Training
 498 FLO
 587 FNB
 743 Fairfield Inn
 411 Fairfield Inn & Suites
4038 Family Dollar
6576 FamilyMart
 573 Famous Footwear
 685 Farmacia Guadalajara
 607 Farmacias Similares
 461 Farmacias del Ahorro
1053 Farmers Insurance
 345 Farmfoods
1610 FedEx
 953 FedEx Office
 638 Federal Bank
 555 Federated Co-operatives
 437 Feu Vert
1162 Fiat
 745 Fielmann
 768 Fifth Third Bank
 319 Fine Wine & Good Spirits
 820 Firehouse Subs
1084 Firestone
 340 First Citizens Bank
 341 First National Bank
 908 Five Below
1589 Five Guys
2396 Fix Price
5411 Flock Safety
 835 Flowbird
 477 Flying J
 596 Flying Tiger Copenhagen
 947 Food Lion
1002 Foot Locker
4535 Ford
1055 Foxpost
 639 France Travail
 318 Franck Provost
 814 Franprix
 374 Freddy's
1109 Fressnapf
 342 Fuller's
 386 GEERS
 410 GEO
2925 GLS
1438 GNC
2443 GS25
 488 Gall & Gall
1124 Galp
1362 Galp electric
2112 GameStop
 677 Gamm Vert
 629 Gap
 795 Garanti Bankası
2515 Geldmaat
 960 Generali
 335 Geox
 398 Getränke Hoffmann
 547 GiFi
 619 Giant
 311 Goil
 358 Golden Corral
2098 Goodwill
 638 Goodyear
 341 Grand Frais
2160 Great Clips
 995 Greene King
2006 Greggs
 526 Grido
 467 Grocery Outlet
 633 Groszek
1127 Groupama
 479 Guardian
 620 Guess
 367 Guichet Transilien
1479 Gulf
 385 Gémo
 406 Générale d'Optique
2720 H&M
2947 H&R Block
 816 H-E-B
1351 HDFC Bank
9997 HELLO CYCLING
 390 HEM
 704 HEMA
1202 HSBC
 577 HSBC UK
 321 HUK-Coburg
 314 Habitat for Humanity ReStore
 345 Hagebaumarkt
 324 Hair Cuttery
 399 Halfords
 567 Halifax
 633 Halkbank
 756 Hall Tabakwaren
 642 Hallmark
 457 Halyk Bank
1534 Hampton
 969 Hampton Inn & Suites
 922 Harbor Freight Tools
1523 Hardee's
 694 Harley-Davidson
 473 Hectronic
 407 Hermes Paketshop
1395 Hertz
 447 Hesburger
 314 Hibbett Sports
 670 Hilton
 929 Hilton Garden Inn
1920 Hindustan Petroleum
 804 Hobby Lobby
 611 Hofer
 633 Holiday
1094 Holiday Inn
1661 Holiday Inn Express
 880 Holiday Inn Express & Suites
 782 Holland & Barrett
 561 Home Bargains
 640 Home Hardware
 530 Home2 Suites
 597 HomeGoods
 445 Homewood Suites
4019 Honda
 311 Hooters
 460 House
 448 Hugo Boss
 400 Hungry Jack's
 586 Hunkemöller
 639 Huntington Bank
 313 Husky
 368 Hyatt Place
 314 HypoVereinsbank
2294 Hyundai
 631 ICA Nära
 421 ICA Supermarket
1139 ICICI Bank
 363 ICU
1527 IGA
1552 IHOP
 896 IKEA
 428 IMO Car Wash
 456 INA
1145 ING
2469 IP
 561 Ibercaja
 993 Ibis
 521 Ibis Budget
 403 Ibis Styles
 832 Iceland
 408 In-N-Out Burger
1359 InPost
1803 Independent
 401 Indian Bank
3314 Indian Oil
 409 Indian Overseas Bank
 388 Indigo
2087 Indomaret
 395 Ingo
 616 Innogy
3844 Intermarché
 697 Intermarché Super
1994 Intersport
1281 Intesa Sanpaolo
 788 Intimissimi
1231 Ionity
 311 Ipak Yoli banki
3007 Ipiranga
 629 Irving
 323 Isuzu
1675 Itaú Unibanco
 313 JA
 637 JCPenney
 630 JD Sports
1056 JET
2557 JYSK
 591 Jack & Jones
1912 Jack in the Box
 567 Jackson Hewitt
 577 Jamba
 311 Jean Coutu
 330 Jean Louis David
 352 Jeep
 309 Jeff de Bruges
1388 Jersey Mike's Subs
 304 Jewson
1336 Jiffy Lube
2062 Jimmy John's
 415 Jobcentre Plus
 454 Joker
1078 Jollibee
 389 Journeys
 304 Jules
1026 Jumbo
 716 K-Market
 394 KBC
12543 KFC
 502 KIKO Milano
 344 KIND Hörgeräte
 402 KK Super Mart
 347 KTM
 305 Kamps
1630 Kaufland
 486 Kay Jewelers
 879 KeyBank
3431 KiK
1879 Kia
 450 Kiabi
 404 KinderCare
 722 Kiwi
 319 Klier
 335 Kmart
1077 Kohl's
 593 Komerční banka
 668 Konzum
 654 Krispy Kreme
2019 Kroger
1300 Kruidvat
 661 Krys
 515 Kum & Go
 753 Kumon
 440 Kutxabank
 586 Kwik Fit
1415 Kwik Trip
 496 L'Occitane
 532 LA Fitness
4845 LAWSON
 351 LBC
 479 LC Waikiki
 711 LCBO
1638 LCL
 469 LVM
1308 La Banque Postale
 362 La Halle
11781 La Poste
 696 La Quinta Inn & Suites
 315 La Vie Claire
 539 Lacoste
 396 Lada
1174 Ladbrokes
 625 Laforêt
 372 Land Rover
 446 Landbank
 371 Lego
 426 LensCrafters
 486 Leonidas
 587 Leroy Merlin
 386 Les Schwab Tire Center
1014 Levi's
1704 Lewiatan
 695 Lexus
 413 Liberty
 524 Liberty Tax
13051 Lidl
 385 Lids
 481 Liquorland
2938 Little Caesars
3265 Little Free Library
 950 Lloyds Bank
 320 Loft
1499 Londis
 479 Long John Silver's
 517 LongHorn Steakhouse
 693 Loterías y Apuestas del Estado
1955 Love's
1769 Lowe's
1175 Lukoil
 371 Lululemon
 451 Lush
 385 Léon
 529 M Lhuillier
 322 M&S Simply Food
 672 M&T Bank
 318 MAC Cosmetics
 520 MBH Bank
 524 MD
 431 METRO
 777 MEVO
 333 MG
 712 MINISTOP
 722 MMA
 430 MOD Pizza
1623 MOL
 304 MPL
 664 MR.DIY
 303 MVG Rad
 337 Mace
 365 Macro
 502 Macy's
2471 Magyar Posta
 421 Mail Boxes Etc.
 530 Maison de la Presse
 579 Malteser Hilfsdienst
 333 Mang Inasal
 850 Mango
 324 Manpower
 640 Mapfre
3923 Marathon
 466 Marco's Pizza
 593 Marie Blachère
 518 Marionnaud
 701 Marks & Spencer
 518 Marriott
1000 Marshalls
 512 Massage Envy
 342 Mathnasium
 432 Matratzen Concord
1529 Mattress Firm
 449 Maurices
 798 Maverik
 356 Max
 423 Maxi
 587 Maxi Zoo
 735 Maybank
1523 Mazda
 331 McAlister's Deli
30302 McDonald's
 321 Meca
 506 Media Expert
 730 MediaMarkt
 394 Mega Image
 749 Meijer
 316 Meineke
 531 Mekonomen
 449 Men's Wearhouse
 353 Menards
 304 Meny
 846 Mer
1710 Mercadona
 426 Mercator
2548 Mercedes-Benz
 642 Mercure
 828 Mercury Drug
 501 Metro
1749 Metro by T-Mobile
 549 Metrobank
 700 Metrorower
 328 Michael Kors
1086 Michaels
1255 Midas
 302 Migrol
1501 Migros
 418 Millennium Bank
 433 Millennium bcp
 365 Mini
 375 Miniso
1138 Mitsubishi
 389 MobiSDEC
4714 Mobil
1028 Mobil Mart
 732 Mobile Money
 446 Moe's Southwest Grill
1673 Moeve
 856 Mondial Relay
 469 Monobank
 390 Monoprix
 699 Monte dei Paschi di Siena
 303 Moovo
 980 Morrisons
 967 Morrisons Daily
 957 Motel 6
 309 Mountain Warehouse
 758 Movistar
 391 Moya
 341 Mozzart
 386 Mr.Bricolage
 330 Murphy Express
1011 Murphy USA
 857 Müller
 502 NAB
2078 NAPA Auto Parts
 326 NAV
 372 NIO Power
1418 NKD
 311 NLB
 797 NORMA
 348 NOZ
 609 NTT docomo
1398 Naftal
 445 Nahkauf
 887 Nando's
 449 Narvesen
 869 NatWest
11318 National Grid
1029 Nationwide
 378 Nedbank
2503 Nemzeti Dohánybolt
 337 Nespresso
 840 Neste
1920 Netto
4193 Netto Marken-Discount
 366 New Balance
 370 New Look
 888 New Yorker
 499 Next
 518 Nicolas
 957 Nike
 486 Nisa Local
2528 Nissan
 309 Nocibé
 396 Noodles & Company
 533 Norauto
 337 Nordea
 656 Norma
 434 Normal
 493 Nothing Bundt Cakes
 353 Novo Banco
 447 Novotel
 462 O Boticário
3179 O'Reilly Auto Parts
1136 O2
 653 OBI
 410 OIL!
 899 OK
 505 OKQ8
 597 OK超商
1386 OMV
 566 ONCE
 535 ONLY
 958 OTP Bank
 384 OTP banka
 496 OVS
 768 Odido
 884 Office Depot
 356 OfficeMax
 659 Oficina de Correos
 347 Okaïdi
 943 Old Navy
 887 Olive Garden
 421 Omniva
 750 One Stop
1694 Opel
 971 Opet
 783 Optic 2000
 565 Optical Center
1614 Orange
 660 Orangetheory Fitness
2948 Orlen
1515 Orlen Paczka
1048 Orpi
 753 Outback Steakhouse
 536 Oxfam
6518 Oxxo
31218 Ozon
 377 PAAS
 564 PDV
1613 PENNY
1694 PKO BP
 445 PLUS
 492 PNB
1811 PNC Bank
 555 PT
 615 PTT
6921 Packeta
14857 Paczkomat InPost
 398 Paddy Power
 496 Pague Menos
 603 Palawan Pawnshop
2031 Panda Express
1223 Pandora
1976 Panera Bread
2810 Papa John's
 795 Papa Murphy's
1469 Parkeon
 566 Party City
 546 Paul
 494 Pearle
3413 Pemex
2056 Penny
 534 Pep Boys
2204 Pepco
2127 Pertamina
 351 Pet Supplies Plus
 464 Pet Valu
1400 PetSmart
1129 Petco
1731 Petro-Canada
 744 Petrobras
 506 Petrol
 945 Petrol Ofisi
 692 Petrolimex
 607 Petrom
2424 Petron
1076 Petronas
 429 Pets at Home
2919 Peugeot
 427 Pharmasave
1347 Phillips 66
 400 Phoenix
 461 Photomaton
1040 Picard
 449 Pick n Pay
 312 Pickup Station
 416 Piggly Wiggly
1118 Pilot
 465 Pingo Doce
 333 Pita Pit
7101 Pizza Hut
 308 Pizza Hut Delivery
 505 Pizza Pizza
 502 PizzaExpress
 359 Planet Cash
1464 Planet Fitness
 333 Play
 323 Plus
2684 Poczta Polska
 522 Point P
 430 Point S
 358 Pompe Bianche
2991 Popeyes
 695 Porsche
7272 Post Office
 564 PostModern
1049 PostNord
 737 Postamat
 977 Postbank
1770 Poste Italiane
9428 Posten
 465 Postes Canada
 350 Potbelly
 653 Poundland
 433 Powerbox.one
1143 Powerdot
 301 Pradella Sistemi srl
 465 Preem
2121 Premier
 901 Premier Inn
 544 Pret A Manger
 434 Primark
 379 Primax
 545 Primera
 371 Prio
1574 Profi
 340 Promod
 340 Protection civile algérienne
 340 Provinzial
 926 Proxi
1217 Public Storage
1476 Publix
 431 Pull & Bear
1743 Puma
 604 Punjab National Bank
 463 PureGym
 480 Q-Park
3230 Q8
 409 Q8 Easy
 327 Qazaq Oil
 607 Qdoba
1278 Qiwi
 880 Quality Inn
 484 Quality Inn & Suites
 586 Quickshop
1856 QuikTrip
 396 Quiznos
 395 R-Kioski
 405 R-NET
1270 RBC
 406 RBS
 363 RCBC
1219 RE/MAX
2282 REWE
 466 REWE Getränkemarkt
 552 RRReis
 753 RaceTrac
1715 Raiffeisen
 629 Raiffeisen Bank
 459 Raiffeisenbank
 372 Rainbow
 603 Raising Cane's
 593 Ramada
 467 Randstad
4748 Ration Shop
 672 Recharge
 624 Red Lobster
 478 Red Robin
 417 Red Roof Inn
1464 Redbox
 389 Regal Cinemas
 685 Regions Bank
 643 Relay
1104 Rema 1000
4471 Renault
 766 Rent-A-Center
4158 Repsol
 310 Reserved
1037 Residence Inn
 516 Revoil
1490 Rewe
 311 Rexall
 320 Rita's Italian Ice
2010 Rite Aid
 685 Rituals
1916 Robidog
 516 Rodeway Inn
 324 Rogers
 700 Rompetrol
1346 Ross
4172 Rossmann
 337 Royal Canadian Legion
 513 Royal Farms
21580 Royal Mail
 304 Ruby Tuesday
 696 Rustpunt.nu
 450 S-market
 422 SANIFAIR
 421 SEAOIL
 478 SEB
 437 SFR
1223 SG
 632 SIXT
1592 Safeway
 959 Sainsbury's
 368 Sainsbury's Bank
 836 Sainsbury's Local
 321 SalcoBrand
1222 Sally Beauty
1224 Sam's Club
 800 Samsung
3672 Santander
 845 Santander Cycles
 407 Sasol
 567 Save-A-Lot
 454 Savers
 338 Schlotzsky's
 513 Schwalbe
 315 Schülerhilfe
1501 Scotiabank
 598 Screwfix
 757 Seat
1989 Selecta
1055 Sephora
 325 Service Apotheek
 362 Shake Shack
1324 Sheetz
31533 Shell
 370 Shell Express
1151 Shell Select
 363 Sheraton
2035 Sherwin-Williams
 382 Shop&Go
1103 Shoppers Drug Mart
 364 Shoprite
 625 Sicoob
 510 Sicredi
 995 Sinclair
 686 Sinsay
 937 Skechers
 343 Sleep Number
1466 Slovenská pošta
 387 Slovenská sporiteľňa
 352 Slovnaft
 387 Smart Fit
 527 Smoothie King
 441 Snap Fitness
 316 Snipes
1038 Société Générale
 530 SoftBank
2874 Sonic
 467 Soriana
 431 South Indian Bank
7886 Spar
1766 Sparkasse
1174 Specsavers
6437 Speedway
 624 Speedy
 503 Sport 2000
 892 Sport Clips
 586 Sports Direct
 510 Społem
 528 SpringHill Suites
 660 Sprint
 380 Sprouts Farmers Market
 335 Square Habitat
 522 St1
 305 StadtRAD Hamburg
 882 Stadtmobil
 661 Standard Bank
 314 Standard Chartered
1237 Staples
17790 Starbucks
3966 State Bank of India
2888 State Farm
 411 Steak 'n Shake
 385 Steers
 332 Steinecke
 602 Stokrotka
 415 Stop & Shop
 403 Stradivarius
 319 Stripes
 493 Studenac
 984 Subaru
23092 Subway
 405 SunTrust
 743 Sunglass Hut
3882 Sunoco
1573 Super 8
1473 Super U
 531 Superbet
1229 Supercuts
 681 Superdrug
 319 Superdry
1586 Suzuki
 819 Swarovski
 734 Swedbank
 383 Systembolaget
 311 Système U
 354 Sécuritest
3206 T-Mobile
 358 TA
 705 TD
 888 TD Bank
 407 TD Canada Trust
 346 TEB
2363 TEDi
 345 TGI Fridays
 467 TIM
1032 TJ Maxx
 649 TK Maxx
 348 TOK BOR
 351 TSB
 487 TSUTAYA
1272 TUI
7067 Taco Bell
 425 Takko
1170 Takko Fashion
 303 Tally Weijl
1838 Tamoil
2148 Target
 378 Targobank
 666 Tchibo
 610 Teboil
 420 Tecnocasa
 361 Tele2
 701 Telepizza
 679 Terpel
1908 Tesco
2166 Tesco Express
 321 Tesco Extra
1374 Tesla
6322 Tesla Supercharger
1365 Tesla, Inc.
 419 Teta
2775 Texaco
 580 Texas Roadhouse
 428 Tezenis
 328 Thalia
 415 The Beer Store
 722 The Body Shop
 329 The Children's Place
 844 The Co-operative Food
 399 The Co-operative Funeralcare
 443 The Coffee Bean & Tea Leaf
 507 The Generics Pharmacy
2321 The Home Depot
 325 The North Face
1080 The Salvation Army
2641 The UPS Store
 419 The Vitamin Shoppe
 377 The Works
 329 Thorntons
 370 Tigotà
4244 Tim Hortons
 360 Timberland
 612 Timpson
 362 TinQ
 413 Tipico
 357 Tisak
 339 Tom Tailor
 633 Tommy Hilfiger
 445 Toolstation
5875 Total
 597 Total Access
 638 Total Erg
3365 TotalEnergies
 305 Totupoint
 480 TownePlace Suites
5476 Toyota
1417 Tractor Supply Company
 579 Trader Joe's
 353 Transport for London
1005 Travelodge
 347 Travis Perkins
 313 Trek
 552 Triumph
 575 Tropical Smoothie Cafe
 569 True Value
1103 Truist
 464 Turkcell
 312 Turkey Hill
 943 Türkiye İş Bankası
 414 U Express
1707 U-Haul
1640 U.S. Bank
 312 UBS
 617 UOB
1342 UPS
 699 USPS
 323 UkrSibbank
 562 Ukrnafta
 960 Ulta Beauty
 713 Ultramar
 417 Uncle John's
 322 Under Armour
2057 UniCredit Bank
1003 Unicaja Banco
 533 Union Bank of India
 461 Uniqlo
 552 United
 698 United Colors of Benetton
2568 United States Post Office
 857 United States Postal Service
 567 Uno-X
 340 Utile
 548 Vakıfbank
3087 Valero
 811 Valvoline
 461 Vans
 962 Vattenfall InCharge
3066 Verizon
 387 Vero Moda
 578 Veterans of Foreign Wars of the United States
 368 Veturilo
 571 Victoria's Secret
 315 Vietcombank
 359 Villo!
 348 Vinmonopolet
 519 Vision Express
 313 Vitusapotek
1186 Vival
3015 Vodafone
 485 Volg
 827 Volksbank
3261 Volkswagen
1252 Volvo
1577 Vélib' Métropole
 387 VélôToulouse
 894 WHSmith
 408 WOG
1571 Waffle House
 309 Waitrose
9130 Walgreens
7291 Walmart
 342 Wash
 925 Watsons
1553 Wawa
 519 Well Pharmacy
4351 Wells Fargo
5979 Wendy's
1899 Western Union
 767 Westpac
 836 Wetherspoon
 985 Whataburger
 309 White Castle
 536 Whole Foods Market
6418 Wildberries
1007 William Hill
 333 Wimpy
1045 WinMart+
 333 Wind Tre
1227 Wingstop
 362 Winn-Dixie
 605 Woolworth
1325 Woolworths
 783 Würth
 391 Xiaomi
1284 YMCA
1906 YPF
1175 Yamaha
 765 Yapı Kredi
 321 YouBike
6366 YouBike 2.0
1467 Yves Rocher
 331 Z-Box
1206 Zara
 797 Zaxby's
 867 Zeeman
 988 Ziraat Bankası
1134 abc
 854 ampm
 496 apollostation
 932 au
 378 bank99
 520 bft
 478 bicing
 368 bike-energy
1173 bpost
 433 bwegt
1047 claire's
 302 currys
 701 de Bibliotheek
3797 dm
1698 easybox
1335 edp Charge
2404 i郵箱
 498 k kiosk
 439 nextbike
 467 nrg incharge
 404 star
 402 teilAuto
1350 tobaccoland
 474 tz
 534 vkw vlotte
 462 welcia
 445 wowplug
 358 Écouter Voir
 524 Île-de-France Mobilités
 455 Österreichisches Rotes Kreuz
 343 Újbuda parkolás
 763 Л'Этуаль
 645 Т-Банк
 551 ป.ต.ท.
 401 М.Видео
 760 ČSOB
7251 Żabka
1026 Česká spořitelna
1030 Škoda
1876 Şok
 343 شل
 500 全家
 861 出光
 374 日産
 887 松屋
 301 罗森
 500 농협
 679 輕鐵 Light Rail
 659 港鐵 MTR
 845 Ак Барс Банк
 501 三菱UFJ銀行
2882 ВТБ
1615 МТС
 314 ОББ
1265 すき家
 308 なか卯
 326 イオン
 859 ガスト
 321 ココス
 686 コスモ
 472 コメリ
 641 セリア
 619 トヨタ
 342 ドミノ
 338 ニトリ
 482 ホンダ
 572 伊藤園
 946 吉野家
 598 屈臣氏
 493 必胜客
1913 星巴克
 395 美宜佳
 472 美廉社
2047 肯德基
1137 萊爾富
 465 西松屋
 377 麥當勞
1557 麦当劳
 358 پست بانک
 474 افق کوروش
 306 НИС Петрол
 307 ორი ნაბიჯი
 718 Мои документы
7180 セブン-イレブン
 597 АТБ-Маркет
 625 АТБ-маркет
 750 ΟΠΑΠ
 857 ВБРР
 417 ОККО
 571 РНКБ
1811 СДЭК
 363 Фора
 381 くら寿司
 712 しまむら
 353 はま寿司
1572 エネオス
 629 スギ薬局
 403 スシロー
2672 タイムズ
1621 ダイソー
 754 ダイドー
 323 チェリオ
 525 ドトール
 474 ユニクロ
3987 ローソン
 327 中国电信
3281 中国石化
1686 中国石油
 468 中国移动
 872 中国邮政
1216 中国银行
 429 丸亀製麺
 369 交通银行
 996 八方雲集
 997 台灣中油
 312 台灣彩券
 503 国家电网
 501 弘爺漢堡
 324 招商银行
 316 清心福全
 609 瑞幸咖啡
 372 眼鏡市場
1050 蜜雪冰城
 409 롯데리아
 744 스타벅스
 314 우리은행
1340 بانک سپه
1033 بانک ملت
1687 بانک ملی
 583 بانک رفاه
 679 بانک مسکن
 964 Додо Пицца
3118 Нова Пошта
 791 بانک تجارت
1293 بانک صادرات
 706 بانک کشاورزی
1738 Вита Экспресс
 373 Ярче!
 349 Теле2
2066 Авито
2195 Дикси
 454 Еконт
 458 Лента
 316 Невис
 322 Ригла
 337 Чижик
 341 طوطال
 330 ლიბრე
 319 სპარი
 527 みずほ銀行
 314 りそな銀行
 334 キャンドゥ
 789 サイゼリヤ
1336 サントリー
 321 セブン銀行
 443 ブックオフ
 379 ワークマン
 324 昭和シェル
 441 洋服の青山
 553 蝦皮店到店
 450 餃子の王将
1629 세븐일레븐
 493 파리바게뜨
 487 하나로마트
 319 青馬管制區 Tsing Ma Control Area
 321 Банка ДСК
2702 서울자전거 따릉이
 699 Почта Банк
5678 Почта России
 569 คาเฟ่ อเมซอน
1546 Альфа-Банк
 579 Апрель
1251 Билайн
 642 Верный
 756 Винлаб
2887 Лукойл
9144 Магнит
 335 Сільпо
 564 บางจาก
 325 ნიკორა
 792 ほっともっと
 691 ゆうちょ銀行
 347 アサヒビール
 355 ケーズデンキ
2822 コカ・コーラ
 529 コメダ珈琲店
 394 サンドラッグ
 385 ホワイト急便
2151 マクドナルド
 648 ミニストップ
 777 モスバーガー
 440 三井住友銀行
1074 中国农业银行
1376 中国工商银行
1250 中国建设银行
3459 全家便利商店
1005 全聯福利中心
 487 業務スーパー
 376 현대오일뱅크
 540 Вкусно — и точка
 753 Бургер Кинг
 720 თიბისი ბანკი
 390 Улыбка радуги
 439 Εθνική Τράπεζα
1800 Магнит Косметик
1097 Яндекс.Маркет
 537 ΕΛΙΝΟΙΛ
1580 Инвитро
 573 Мегафон
 718 Монетка
 482 Уралсиб
 362 ლიბერთი
 650 まいばすけっと
 336 イエローハット
1167 スターバックス
 469 セイコーマート
 753 ツルハドラッグ
 427 ドコモショップ
 362 マックスバリュ
 777 マツモトキヨシ
2116 三井のリパーク
 485 Красное & Белое
 402 Детский мир
 460 پاکستان اسٹیٹ آئل
 562 Τράπεζα Πειραιώς
 466 Планета здоровья
4228 Красное&Белое
 551 Башнефть
1290 Бристоль
 555 Велобайк
1308 ВкусВилл
 566 Горздрав
 523 Копеечка
1672 Ощадбанк
1479 Роснефть
12928 Сбербанк
 520 Светофор
 310 Согласие
1038 Столички
 882 Татнефть
1739 Укрпошта
 480 キリンビバレッジ
 341 ココカラファイン
 424 タリーズコーヒー
 365 デイリーヤマザキ
 347 トヨタレンタカー
4958 ファミリーマート
 494 ミスタードーナツ
 711 中国邮政储蓄银行
14454 Пятёрочка
 311 名鉄協商パーキング
 550 Ароматный мир
 405 Поштанска штедионица
 305 Подорожник
3840 ПриватБанк
 485 Райффайзен
 839 Совкомбанк
 385 ماكدونالدز
 354 ソフトバンクショップ
 333 ドコモ・バイクシェア
 429 Райффайзен Банк
 378 Σκλαβενίτης
 984 Беларусбанк
1018 Газпромбанк
 801 Перекрёсток
 399 Росгосстрах
 303 Спортмастер
3515 საქართველოს ბანკი
1000 Белоруснефть
1812 Газпромнефть
1921 Промсвязьбанк
 376 ธนาคารกรุงเทพ
 642 ケンタッキーフライドチキン
 778 Россельхозбанк
 325 ธนาคารกสิกรไทย
 309 Белагропромбанк
